"Bloque","Aplicacion","tProcesamiento","dInicio","dFin"
"Bloque 0","-",0,0,0
"Bloque 1","Aplicacion 1",3.71010349111116,0,8
"Bloque 2","Aplicacion 1",3.80757932298356,1,7
"Bloque 3","Aplicacion 1",0.0851998035795987,3,5
"Bloque 4","Aplicacion 1",1.82505425807606,0,10
"Bloque 5","Aplicacion 1",1.41055608051829,5,13
"Bloque 6","Aplicacion 1",0.54929991798649,1,9
"Bloque 7","Aplicacion 1",0.358441807517316,5,15
"Bloque 8","Aplicacion 1",2.97348900454792,2,12
"Bloque 9","Aplicacion 1",0.295861677587375,2,10
"Bloque 10","Aplicacion 1",2.4851024225122,1,11
"Bloque 11","Aplicacion 1",1.8198456643892,2,8
"Bloque 12","Aplicacion 1",1.82664342446926,1,11
"Bloque 13","Aplicacion 1",2.48924978998232,1,11
"Bloque 14","Aplicacion 1",1.39001491712406,1,7
"Bloque 15","Aplicacion 1",0.948160346597433,5,15
"Bloque 1","Aplicacion 2",0.529860802553594,15,17
"Bloque 2","Aplicacion 2",0.133041018247604,14,24
"Bloque 3","Aplicacion 2",1.22898387903894,14,20
"Bloque 4","Aplicacion 2",0.670240609534085,11,17
"Bloque 5","Aplicacion 2",3.17773162483947,20,22
"Bloque 6","Aplicacion 2",1.28596409814979,16,24
"Bloque 7","Aplicacion 2",0.74281400218606,16,24
"Bloque 8","Aplicacion 2",2.45111167420795,14,16
"Bloque 9","Aplicacion 2",1.84526289393356,12,20
"Bloque 10","Aplicacion 2",0.832514571406768,15,21
"Bloque 11","Aplicacion 2",0.201851659147392,17,27
"Bloque 12","Aplicacion 2",0.00542670341182954,14,24
"Bloque 13","Aplicacion 2",0.0869818839112042,14,24
"Bloque 14","Aplicacion 2",0.315017787180841,11,19
"Bloque 15","Aplicacion 2",0.410198982059956,19,25
"Bloque 1","Aplicacion 3",2.14031912769591,30,36
"Bloque 2","Aplicacion 3",1.02639411040582,29,39
"Bloque 3","Aplicacion 3",3.26162084343712,26,34
"Bloque 4","Aplicacion 3",0.775267320778221,21,23
"Bloque 5","Aplicacion 3",0.357540181492496,32,38
"Bloque 6","Aplicacion 3",0.110510194208473,28,38
"Bloque 7","Aplicacion 3",2.33418635494476,28,38
"Bloque 8","Aplicacion 3",0.216832155034565,24,28
"Bloque 9","Aplicacion 3",0.628674387559295,24,26
"Bloque 10","Aplicacion 3",3.00411772994659,28,30
"Bloque 11","Aplicacion 3",0.243959981948137,32,36
"Bloque 12","Aplicacion 3",0.798212190535731,27,35
"Bloque 13","Aplicacion 3",1.77071825555926,29,31
"Bloque 14","Aplicacion 3",1.86048419752355,22,28
"Bloque 15","Aplicacion 3",3.674201007214,30,36
"Bloque 1","Aplicacion 4",0.320753684593365,44,46
"Bloque 2","Aplicacion 4",1.55713122740277,44,52
"Bloque 3","Aplicacion 4",0.415260886307806,38,44
"Bloque 4","Aplicacion 4",0.262529056565836,34,40
"Bloque 5","Aplicacion 4",0.404025798803195,42,46
"Bloque 6","Aplicacion 4",0.570338391233235,42,52
"Bloque 7","Aplicacion 4",0.596383860753849,42,44
"Bloque 8","Aplicacion 4",0.570817758562043,38,40
"Bloque 9","Aplicacion 4",0.488861399888992,35,45
"Bloque 10","Aplicacion 4",0.629433628564745,41,49
"Bloque 11","Aplicacion 4",0.170411219598122,45,47
"Bloque 12","Aplicacion 4",1.48942168918734,42,46
"Bloque 13","Aplicacion 4",0.25612350729424,39,47
"Bloque 14","Aplicacion 4",0.795968368332278,37,45
"Bloque 15","Aplicacion 4",0.0899068524129689,45,51
"Bloque 1","Aplicacion 5",1.92008896098737,57,59
"Bloque 2","Aplicacion 5",1.67171585198381,59,67
"Bloque 3","Aplicacion 5",0.147691565639406,48,54
"Bloque 4","Aplicacion 5",0.710049934740554,46,50
"Bloque 5","Aplicacion 5",0.450488195149228,54,62
"Bloque 6","Aplicacion 5",2.74140046596305,56,66
"Bloque 7","Aplicacion 5",1.96266859127855,57,65
"Bloque 8","Aplicacion 5",0.861811464055817,50,58
"Bloque 9","Aplicacion 5",0.972214596028816,48,52
"Bloque 10","Aplicacion 5",1.33271951127686,53,61
"Bloque 11","Aplicacion 5",0.268732936866581,58,64
"Bloque 12","Aplicacion 5",0.55342728048563,56,58
"Bloque 13","Aplicacion 5",0.922119072134983,51,57
"Bloque 14","Aplicacion 5",0.339595800172538,47,51
"Bloque 15","Aplicacion 5",0.746703294068019,55,57
